name,title,ex_time,error,x0,x1,x2,x3,x4,x5,x6,x7,x8,x9,x10,x11
gauss,Метод Гаусса,0.0005865097045898438,0.0,0.7553704243324761,0.23879962940068064,0.17890324621644085,0.15086987609879352,0.13170938313829644,0.11703320343415925,0.10527116822253567,0.0956054428480345,0.08752165758673969,0.0806659319920252,0.07478300226820311,0.06968321539838082
lu,Метод LU-разложения,0.0003485679626464844,1.316562550716263e-16,0.755370424332476,0.2387996294006806,0.17890324621644088,0.1508698760987935,0.13170938313829644,0.1170332034341593,0.10527116822253565,0.0956054428480345,0.0875216575867397,0.08066593199202518,0.07478300226820313,0.06968321539838084
jakobi,Метод Якоби,0.001631021499633789,0.005110640678334154,0.759044893828908,0.24146464124106587,0.18059428156061097,0.15198658910978968,0.13248749573659527,0.11760131827753607,0.10570206334689237,0.09594249274160581,0.08779201459648223,0.08088734248677118,0.07496750337176447,0.06983923578909275
seidel,Метод Зейделя,0.0017437934875488281,4.5782922860427405e-10,0.7553704245460249,0.23879962904833907,0.17890324604118196,0.15086987601501695,0.13170938309772567,0.11703320341474724,0.1052711682139415,0.09560544284515712,0.08752165758694005,0.08066593199388257,0.07478300227092857,0.06968321540152628
up_rel,Метод верхней релаксации,0.0035948753356933594,1.294815490324756e-07,0.7553702972973985,0.23879960506000264,0.1789032431367676,0.1508698775189834,0.13170938543870833,0.11703320570477435,0.10527117024309657,0.09560544459196235,0.08752165908087524,0.08066593327404899,0.07478300337379287,0.06968321635793974
grad,Метод градиентного спуска,0.0014653205871582031,3.0975253813473903e-06,0.7553676163075967,0.23880092774900316,0.17890338262564132,0.15086988010210953,0.1317093587526892,0.11703317313848674,0.10527113818860023,0.0956054147686081,0.08752163175389141,0.08066590825567596,0.07478298036061448,0.0696831950456947
min_res,Метод минимальных невязок,0.0014803409576416016,3.8703213933165503e-07,0.7553703467410428,0.23879969924579703,0.17890321493142133,0.15086978614043614,0.1317092650985162,0.11703307525416165,0.10527103741607245,0.095605312212549,0.08752152803285766,0.08066580370633311,0.07478287517501897,0.0696830893417247
